id,name,phone,email
172-32-1176,White Johnson,408 496-7223,jwhite@domain.com
514-14-8905,Borden Ashley,785-939-6046,aborden@domain.com
213-46-8915,Green Marjorie,415 986-7020,mgreen@domain.com
524-02-7657,Munsch Jerome,303-901-6123,jmunsch@domain.com
489-36-8350,Aragon Robert,816-645-6936,raragon@domain.com
514-30-2668,Russell Jacki,913-227-6106,jrussell@domain.com
505-88-5714,Venson Lillian,308-583-8759,lvenson@domain.com
690-05-5315,Conley Thomas,919-656-6779,tconley@domain.com
646-44-9061,Jackson Charles,212-847-4915,cjackson@domain.com
421-37-1396,Davis Susan,205-221-9156,sdavis@domain.com
461-97-5660,Watson Gail,713-547-3414,gwatson@domain.com
660-03-8360,Garrison Lisa,337-965-2982,lgarrison@domain.com
751-01-2327,Renfro Julie,808-560-1638,jrenfro@domain.com
559-81-1301,Heard James,408-370-0031,jheard@domain.com
624-84-9181,Reyes Danny,805-369-0464,dreyes@domain.com
449-48-3135,Hall Mark,281-597-5517,mhall@domain.com
477-36-0282,Mceachern Monte,952-412-3707,mmceachern@domain.com
